{"name":"Gliter Argentina","short_name":"Gliter","description":"La app de citas gay más popular de Argentina","start_url":"/","display":"standalone","background_color":"#000000","theme_color":"#ff6b6b","orientation":"portrait","scope":"/","lang":"es","categories":["social","lifestyle"],"gcm_sender_id":"1084162955705","icons":[{"src":"/logo.svg","sizes":"512x512","type":"image/svg+xml","purpose":"maskable any"},{"src":"/icon-144x144.svg","sizes":"144x144","type":"image/svg+xml"},{"src":"/icons/icon-144x144.png","sizes":"144x144","type":"image/png"},{"src":"/icons/icon-192x192.png","sizes":"192x192","type":"image/png"},{"src":"/icons/icon-512x512.png","sizes":"512x512","type":"image/png"}],"shortcuts":[{"name":"Nuevo Chat","short_name":"Chat","description":"Iniciar un nuevo chat","url":"/chat","icons":[{"src":"/icons/chat-shortcut.svg","sizes":"96x96","type":"image/svg+xml"}]},{"name":"Descubrir","short_name":"Descubrir","description":"Descubrir nuevas personas","url":"/discover","icons":[{"src":"/icons/discover-shortcut.svg","sizes":"96x96","type":"image/svg+xml"}]}],"screenshots":[{"src":"/screenshots/mobile-1.png","sizes":"540x720","type":"image/png","form_factor":"narrow"},{"src":"/screenshots/desktop-1.png","sizes":"1280x720","type":"image/png","form_factor":"wide"}]}
